# Fx [N], Fy [N], Fz [N]
-2.77528e-08, -3.13889, -2.19474