# Fx [N], Fy [N], Fz [N]
-1.18798e-07, 1.01049e-06, -4.01347