# Fx [N], Fy [N], Fz [N]
-0.0150972, 0.0196585, -1076.43