# Fx [N], Fy [N], Fz [N]
-0.0131198, 0.0190845, -1078.02