testId,depth [m],surge velocity [m/s],sink_m [mm],depth under keel [m]
C0101A01_C2,21.59347,1.799786422884671,20.018726700000002,10.79347
C0101A01_C4,21.59347,3.599572845769342,87.6326213,10.79347
C0101A01_C6,21.59347,4.499466057211677,156.04705429999999,10.79347
C0101A02_C4,16.1951025,3.599572845769342,132.6997732,5.3951025
C0101A03_C2,12.956082,1.799786422884671,42.4390686,2.1560819999999996
C0101A03_C4,12.956082,3.599572845769342,202.0200786,2.1560819999999996
C0101A03_C6,12.956082,4.499466057211677,329.9482216,2.1560819999999996
