# Fx [N], Fy [N], Fz [N]
2.17095e-08, 4.08203e-08, -1.51184