# Fx [N], Fy [N], Fz [N]
-8.74892e-08, -9.89516, -6.91877