# Fx [N], Fy [N], Fz [N]
-2.08795e-08, 8.93099e-07, -12.6522