# Fx [N], Fy [N], Fz [N]
4.35557e-09, 4.1128e-09, -4.03326