# Fx [N], Fy [N], Fz [N]
3.78308e-08, 4.00651e-08, -34.8329