# Fx [N], Fy [N], Fz [N]
-4.4531e-08, 3.78774e-07, -1.50443