# Fx [N], Fy [N], Fz [N]
-1.51097e-08, -1.17659, -0.822684