# Fx [N], Fy [N], Fz [N]
2.85047e-08, 3.01811e-08, -26.2473