# Wigley hull sinkage from figure 10 in Beguin, Mashcon 2013,
#VMODEL [m/s],	Fr[-],	Sinkage[m]
0.24760,	0.04998, 0.00030462 
0.40440,	0.08164, 0.00081265 
0.56120,	0.11329, 0.00156506 
0.71800,	0.14494, 0.00256183 
0.87480,	0.17660, 0.00380299 
1.03150,	0.20823, 0.00528851
1.18830,	0.23988, 0.0070184

 

 
 
  
  
  







  
 
 
 


 
 
 
 
 
 




