# Fx [N], Fy [N], Fz [N]
8.43695e-09, 8.93142e-09, -7.76752