# Fx [N], Fy [N], Fz [N]
0.00988859, 0.0388086, -912.775