# Fx [N], Fy [N], Fz [N]
-3.09968e-08, 1.32579e-06, -18.7819