# Fx [N], Fy [N], Fz [N]
2.05013e-08, 2.16894e-08, -18.8745