# Fx [N], Fy [N], Fz [N]
-5.28466e-14, 4.24725e-14, -249.727