# Fx [N], Fy [N], Fz [N]
-5.34487e-08, -6.04508, -4.22677