# Fx [N], Fy [N], Fz [N]
-1.27558e-08, 5.45609e-07, -7.72941