# Fx [N], Fy [N], Fz [N]
-4.31026e-08, 1.84367e-06, -26.1185