# Fx [N], Fy [N], Fz [N]
1.76029e-08, 8.93411e-07, -12.6374