# Fx [N], Fy [N], Fz [N]
-0.0172181, 0.0251056, -1040.95