# Fx [N], Fy [N], Fz [N]
-0.016604, 0.0211858, -1069.72